frame;ID_6_x;ID_6_y
1;;
2;;
3;;
4;;
5;;
6;;
7;;
8;;
9;;
10;;
11;;
12;;
13;;
14;;
15;;
16;;
17;;
18;;
19;;
20;;
21;;
22;;
23;;
24;;
25;;
26;;
27;;
28;;
29;;
30;;
31;;
32;;
33;;
34;;
35;;
36;;
37;;
38;;
39;;
40;;
41;;
42;;
43;;
44;;
45;;
46;;
47;;
48;;
49;;
50;;
51;;
52;;
53;;
54;;
55;;
56;;
57;;
58;;
59;;
60;;
61;;
62;;
63;;
64;;
65;;
66;;
67;;
68;;
69;;
70;;
71;;
72;;
73;;
74;;
75;;
76;;
77;;
78;;
79;;
80;;
81;;
82;;
83;;
84;;
85;;
86;;
87;;
88;;
89;;
90;;
91;;
92;;
93;;
94;;
95;;
96;;
97;;
98;;
99;;
100;;
101;;
102;;
103;;
104;;
105;;
106;;
107;;
108;;
109;;
110;;
111;;
112;;
113;;
114;;
115;;
116;;
117;;
118;;
119;;
120;;
121;;
122;;
123;;
124;;
125;;
126;;
127;;
128;;
129;;
130;;
131;;
132;;
133;;
134;;
135;;
136;;
137;;
138;;
139;;
140;;
141;;
142;;
143;;
144;;
145;;
146;;
147;;
148;;
149;;
150;;
151;;
152;;
153;;
154;;
155;;
156;;
157;;
158;;
159;;
160;;
161;;
162;;
163;;
164;;
165;;
166;;
167;;
168;;
169;;
170;;
171;;
172;;
173;;
174;;
175;;
176;;
177;;
178;;
179;;
180;;
181;;
182;;
183;;
184;;
185;;
186;;
187;;
188;;
189;;
190;;
191;;
192;;
193;;
194;57.250152587890625;81.65371704101562
195;57.250152587890625;81.65371704101562
196;57.250152587890625;81.65371704101562
197;57.250152587890625;81.65371704101562
198;57.250152587890625;81.65371704101562
199;57.250152587890625;81.65371704101562
200;57.250152587890625;81.65371704101562
201;57.250152587890625;81.65371704101562
202;57.250152587890625;81.65371704101562
203;57.250152587890625;81.65371704101562
204;57.250152587890625;81.65371704101562
205;57.250152587890625;81.65371704101562
206;57.250152587890625;81.65371704101562
207;57.250152587890625;81.65371704101562
208;57.250152587890625;81.65371704101562
209;57.250152587890625;81.65371704101562
210;57.250152587890625;81.65371704101562
211;57.250152587890625;81.65371704101562
212;57.250152587890625;81.65371704101562
213;57.250152587890625;81.65371704101562
214;57.250152587890625;81.65371704101562
215;57.250152587890625;81.65371704101562
216;57.250152587890625;81.65371704101562
217;57.250152587890625;81.65371704101562
218;57.250152587890625;81.65371704101562
219;56.47751541137695;81.63410911560058
220;55.97530124664306;81.62136396408081
221;55.64886203956603;81.61307961559297
222;55.43667655496597;81.60769478907585
223;55.29875598997592;81.60419465183973
224;55.2091076227324;81.60191956263625
225;55.138201715945485;80.98130241847235
226;55.092112876534;80.57790127476582
227;55.06215513091654;80.31569053135658
228;55.81529709333408;80.67321577064683
229;56.317496516428875;81.01639121527592
230;56.64392614144049;81.23945525428482
231;56.85610539769803;81.38444687964059
232;57.08366765003424;81.53995039783467
233;57.14193737828397;81.579768722948
234;57.1798127016463;81.60565063427167
235;57.2204339859524;81.6334089841663
236;57.230835496630775;81.64051680406357
237;57.23759647857172;81.6451368869968
238;57.24484763170338;81.65009192594266
239;57.24670436636892;81.65136071621819
240;57.24791124390151;81.65218542989729
241;57.248695714297696;81.6527214937887
242;57.24920562005522;81.65306993531811
243;57.24975249398017;81.65344363885843
244;57.249892526848825;81.65353932961345
245;57.24998354821345;81.65360152860421
246;57.250042712100466;81.6536419579482
247;57.250106165369274;81.65368531841963
248;57.250122413251745;81.65369642132822
249;57.25013297437535;81.65370363821881
250;57.2501398391057;81.6537083291977
251;57.25014720152899;81.65371336027255
252;57.250149086755556;81.65371464853263
253;57.250150312152826;81.65371548590167
254;57.25015110866106;81.65371603019156
255;57.25015196291612;81.65371661394246
256;57.2501521816572;81.65371676341806
257;57.250152323838904;81.6537168605772
258;57.25015241625701;81.65371692373066
259;57.25015251537542;81.65371699146272
260;57.250152540755735;81.65371700880624
261;57.250152557252946;81.65371702007953
262;57.25015256797613;81.65371702740717
263;57.2501525749462;81.65371703217014
264;57.250152582421606;81.6537170372784
265;57.250152584335765;81.65371703858642
266;57.25015258557997;81.65371703943664
267;57.250152586388694;81.65371703998929
268;57.25015258725605;81.653717040582
269;57.250152587478155;81.65371704073377
270;57.25015258762252;81.65371704083242
271;57.25015258771636;81.65371704089654
272;57.250152587817;81.65371704096532
273;57.25015258784276;81.65371704098293
274;57.25015258785952;81.65371704099437
275;57.2501525878704;81.65371704100181
276;57.25015258787748;81.65371704100664
277;57.25015258788507;81.65371704101183
278;57.250152587887015;81.65371704101315
279;57.25015258788828;81.65371704101402
280;57.250152587889104;81.65371704101457
281;57.25015258788963;81.65371704101494
282;57.2501525878902;81.65371704101533
283;57.25015258789034;81.65371704101543
284;57.25015258789044;81.6537170410155
285;57.25015258789054;81.65371704101557
286;57.25015258789057;81.6537170410156
287;57.25015258789058;81.6537170410156
288;57.2501525878906;81.6537170410156
289;57.25015258789061;81.6537170410156
290;57.25015258789061;81.6537170410156
291;57.25015258789061;81.6537170410156
292;57.25015258789061;81.6537170410156
293;57.25015258789061;81.6537170410156
294;57.25015258789061;81.6537170410156
295;57.25015258789061;81.6537170410156
296;57.25015258789061;81.6537170410156
297;57.25015258789061;81.6537170410156
298;57.25015258789061;81.6537170410156
299;57.25015258789061;81.6537170410156
300;57.25015258789061;81.6537170410156
301;57.25015258789061;81.6537170410156
302;57.25015258789061;81.6537170410156
303;57.25015258789061;81.6537170410156
304;57.25015258789061;81.6537170410156
305;57.25015258789061;81.6537170410156
306;57.25015258789061;81.6537170410156
307;57.25015258789061;81.6537170410156
308;57.25015258789061;81.6537170410156
309;57.25015258789061;81.6537170410156
310;57.25015258789061;81.6537170410156
311;57.25015258789061;81.6537170410156
312;57.25015258789061;81.6537170410156
313;57.25015258789061;81.6537170410156
314;57.25015258789061;81.6537170410156
315;57.25015258789061;81.6537170410156
316;57.25015258789061;81.6537170410156
317;57.25015258789061;81.6537170410156
318;57.25015258789061;81.6537170410156
319;57.25015258789061;81.6537170410156
320;57.25015258789061;81.6537170410156
321;57.25015258789061;81.6537170410156
322;57.25015258789061;81.6537170410156
323;57.25015258789061;81.6537170410156
324;57.25015258789061;81.6537170410156
325;57.25015258789061;81.6537170410156
326;57.25015258789061;81.6537170410156
327;57.25015258789061;81.6537170410156
328;57.25015258789061;81.6537170410156
329;57.25015258789061;81.6537170410156
330;57.25015258789061;81.6537170410156
331;57.25015258789061;81.6537170410156
332;57.25015258789061;81.6537170410156
333;57.25015258789061;81.6537170410156
334;57.25015258789061;81.6537170410156
335;57.25015258789061;81.6537170410156
336;57.25015258789061;81.6537170410156
337;57.25015258789061;81.6537170410156
338;57.25015258789061;81.6537170410156
339;57.25015258789061;81.6537170410156
340;57.25015258789061;81.6537170410156
341;57.25015258789061;81.6537170410156
342;57.25015258789061;81.6537170410156
343;57.25015258789061;81.6537170410156
344;57.25015258789061;81.6537170410156
345;57.25015258789061;81.6537170410156
346;57.25015258789061;81.6537170410156
347;57.25015258789061;81.6537170410156
348;57.25015258789061;81.6537170410156
349;57.25015258789061;81.6537170410156
350;57.25015258789061;81.6537170410156
351;57.25015258789061;81.6537170410156
352;57.25015258789061;81.6537170410156
353;57.25015258789061;81.6537170410156
354;57.25015258789061;81.6537170410156
355;57.25015258789061;81.6537170410156
356;57.25015258789061;81.6537170410156
357;57.25015258789061;81.6537170410156
358;57.25015258789061;81.6537170410156
359;57.25015258789061;81.6537170410156
360;57.25015258789061;81.6537170410156
361;57.25015258789061;81.6537170410156
362;57.25015258789061;81.6537170410156
363;57.25015258789061;81.6537170410156
364;57.25015258789061;81.6537170410156
365;57.25015258789061;81.6537170410156
366;57.25015258789061;81.6537170410156
367;57.25015258789061;81.6537170410156
368;57.25015258789061;81.6537170410156
369;57.25015258789061;81.6537170410156
370;57.25015258789061;81.6537170410156
371;57.25015258789061;81.6537170410156
372;57.25015258789061;81.6537170410156
373;57.25015258789061;81.6537170410156
374;57.25015258789061;81.6537170410156
375;57.25015258789061;81.6537170410156
376;57.25015258789061;81.6537170410156
377;57.25015258789061;81.6537170410156
378;57.25015258789061;81.6537170410156
379;57.25015258789061;81.6537170410156
380;57.25015258789061;81.6537170410156
381;57.25015258789061;81.6537170410156
382;57.25015258789061;81.6537170410156
383;57.25015258789061;81.6537170410156
384;57.25015258789061;81.6537170410156
385;57.25015258789061;81.6537170410156
386;57.25015258789061;81.6537170410156
387;57.25015258789061;81.6537170410156
388;57.25015258789061;81.6537170410156
389;57.25015258789061;81.6537170410156
390;57.25015258789061;81.6537170410156
391;57.25015258789061;81.6537170410156
392;57.25015258789061;81.6537170410156
393;57.25015258789061;81.6537170410156
394;57.25015258789061;81.6537170410156
395;57.25015258789061;81.6537170410156
396;57.25015258789061;81.6537170410156
397;57.25015258789061;81.6537170410156
398;57.25015258789061;81.6537170410156
399;57.25015258789061;81.6537170410156
400;57.25015258789061;81.6537170410156
401;57.25015258789061;81.6537170410156
402;57.25015258789061;81.6537170410156
403;57.25015258789061;81.6537170410156
404;57.25015258789061;81.6537170410156
405;57.25015258789061;81.6537170410156
406;57.25015258789061;81.6537170410156
407;57.25015258789061;81.6537170410156
408;57.25015258789061;81.6537170410156
409;57.25015258789061;81.6537170410156
410;57.25015258789061;81.6537170410156
411;57.25015258789061;81.6537170410156
412;57.25015258789061;81.6537170410156
413;57.25015258789061;81.6537170410156
414;57.25015258789061;81.6537170410156
415;57.25015258789061;81.6537170410156
416;57.25015258789061;81.6537170410156
417;57.25015258789061;81.6537170410156
418;57.25015258789061;81.6537170410156
419;57.25015258789061;81.6537170410156
420;57.25015258789061;81.6537170410156
421;57.25015258789061;81.6537170410156
422;57.25015258789061;81.6537170410156
423;57.25015258789061;81.6537170410156
424;57.262673568725575;82.27256164550779
425;57.2708122062683;82.67481063842772
426;57.27610232067107;82.93627248382566
427;57.27954089503287;83.10622268333434
428;56.10350790650832;82.2379634190359
429;55.345772303842224;82.00403993086944
430;54.52042234215081;81.1339732587318
431;54.30408815917781;80.66726259559266
432;53.72591486419556;77.87536039660787
433;52.95045622636334;75.43036388120821
434;51.25695263951913;68.56667279498625
435;50.50047525511614;65.94481856368931
436;49.59537098095001;62.98705057683507
437;49.007053202742014;61.064501385379806
438;48.624646646906825;59.81484441093389
439;47.975435031487976;58.370117655254
440;47.55344748146572;57.43104526406207
441;47.27915557395125;56.820648209787315
442;47.10086583406685;56.42389012450872
443;47.37261254342519;56.17665048339649
444;47.549247904508114;56.01594471667354
445;47.67707320305479;56.533282576274814
446;47.77316795552077;57.49118991084572
447;47.475651650904794;57.88632411451432
448;47.241666019987534;57.73844549804271
449;47.890538952420606;58.906470820676006
450;49.00154825106836;61.50513248321327
451;49.44113392667099;62.29697377125415
452;52.12417315615694;66.59477321620778
453;58.34117378126378;78.06093874805677
454;60.722089877377115;82.47755955757479
455;63.846877646369336;87.237987107199
456;75.45257314720482;104.56187069689558
457;80.12246996999954;110.97191189109247
458;85.54017638809248;120.08859468843863
459;96.03682370991268;138.35673492102646
460;99.04718484686805;144.36222361541525
461;101.82625616425818;151.93411020597694
462;106.70317011080778;166.85940830427379
463;109.18748621594597;172.97551526960413
464;110.80229168428579;176.95098479706886
465;112.52789083258853;180.82052211771617
466;112.97355468510344;182.05023924834168
467;113.26323618923814;182.8495553832483
468;113.4515291669257;183.36911087093756
469;114.03323374621336;183.93288701844722
470;114.33178793967735;184.07982932077977
471;114.52584816542895;184.17534181729593
472;114.65198731216749;184.23742494003142
473;114.73397775754755;184.2777789698095
474;114.82191251021766;184.32105866674647
475;114.84442913628016;184.33214089217427
476;114.86857821773218;184.3440265789456
477;114.87476184616459;184.3470700351037
478;114.87878120464566;184.34904828160649
479;116.15163835715005;185.37277464153243
480;116.4775669310489;185.6349106336953
481;116.68942050408316;185.80529902860115
482;116.82712532655542;185.91605148528998
483;113.95127058154267;186.89232174582116
484;112.02378470978985;187.4801045022154
485;110.7808363431017;188.46824392131305
486;110.2010595515547;189.14679229289976
487;110.35579666444318;189.5643122376993
488;110.44656514939294;189.22972638590105
489;110.51537530303803;189.61821939815013
490;111.34712718812267;189.9565858411652
491;111.86507053849067;190.40626871179643
492;112.20173371622987;190.69856257770675
493;112.42056478176035;190.88855359054844
494;112.56280497435516;191.01204774889555
495;112.7153575809131;191.1444952337228
496;112.75442029380446;191.1784098169589
497;112.77981105718384;191.20045429606233
498;112.80704265090822;191.22409699990078
499;112.81401558930128;191.23015096497457
500;112.82149406572783;191.23664384251623
501;112.82340900893404;191.2383064126746
502;112.82465372201806;191.23938708327756
503;112.82546278552267;191.2400895191695
504;112.82633050613137;191.24084288166355
505;112.82655269519633;191.24103578812037
506;112.82669711808855;191.24116117731728
507;112.8267909929685;191.24124268029527
508;112.82689167377723;191.2413300922392
509;112.82691745416614;191.24135247499453
510;112.82693421141893;191.2413670237855
511;112.82694510363324;191.24137648049964
512;112.82695678553308;191.24138662282553
513;112.82695977680744;191.24138921987566
514;112.82696172113577;191.24139090795825
515;112.82696298494919;191.24139200521194
516;112.82696434038908;191.2413931820165
517;112.82696468746384;191.24139348334978
518;112.82696491306244;191.2413936792164
519;112.82696515501692;191.24139388928336
520;112.82696521697194;191.24139394307326
521;112.8269652572427;191.24139397803668
522;112.82696530043309;191.24139401553495
523;112.82696531149244;191.2413940251368
524;112.82696531868102;191.24139403137798
525;112.82696532639078;191.24139403807163
526;112.82696532836495;191.24139403978563
527;112.82696532964816;191.2413940408997
528;112.82696533048224;191.24139404162386
529;112.8269653313768;191.24139404240051
530;112.82696533160586;191.24139404259938
531;112.82696533175475;191.24139404272864
532;112.82696533191442;191.24139404286728
533;112.82696533195531;191.2413940429028
534;112.82696533198188;191.2413940429259
535;112.82696533199916;191.2413940429409
536;112.44729042051867;191.2350654601933
537;112.20050172804905;191.23095188140104
538;112.79937481402777;191.2409405612896
539;113.55542447663304;191.25354665472298
540;113.30046377602241;191.249293240609
541;114.65278741632862;191.27185353364194
542;117.04880179558918;191.31181603343953
543;117.08920712904703;191.31249334898177
544;118.63247460885614;191.33823191341043
545;118.11859445767055;191.32966367096287
546;119.30157637246144;191.34939262269813
547;118.553510604014;191.33691813199988
548;119.60282502920577;192.56431996695227
549;118.74932223089782;192.12662090576507
550;119.73010258668026;193.0776267698996
551;118.83205264325623;192.46027032768086
552;119.78387735471324;193.2944988941449
553;118.86700624247767;192.6012372084403
554;118.2900177569513;193.36124562225376
555;117.8959975039324;192.64462258171105
556;117.6588620768969;193.38944611487977
557;117.48574631189705;192.66295290191795
558;117.39219880207389;193.40136082301424
559;117.31241518326209;192.67069746220534
560;117.26055583103442;192.19576627767958
561;117.22684725208643;191.88706100773783
562;117.20493667577024;191.68640258227566
563;117.19069480116471;191.55597460572528
564;117.18143758267112;191.47119642096754
565;117.17542039065029;191.416090600875
566;117.17150921583675;191.38027181781484
567;117.16896695220795;191.35698960882576
568;115.6492663851461;191.3165311607758
569;113.1225205868684;190.0527255401488
570;112.9802422480416;188.04461858596
571;109.84680521208153;186.6869313106103
572;107.81007113870749;185.80443458163302
573;104.94342169792354;183.9902012036474
574;104.58230216761515;181.6230237877419
575;102.80393433619594;178.84153696471776
576;101.60651766093459;174.60013699703725
577;100.78666049083795;169.40710183493945
578;100.21217694477708;163.59281214607978
579;98.29056432135607;158.56248319890693
580;95.53472595499962;156.4834348190356
581;95.25022117800073;153.94138793632823
582;95.08653521467508;153.5099238566114
583;94.95889719678978;152.0086058107525
584;94.89717462688796;152.25361547498716
585;93.30737195779456;151.1613824989272
586;93.80244107981744;150.48205392825776
587;92.59579515219872;150.0098674935531
588;93.33991615618015;149.73356917476457
589;90.76563696880226;149.4926921559798
590;89.07026153338357;148.11371761378922
591;87.94614416356944;145.9942854064825
592;88.07099985731976;145.4601612678326
593;89.60788391604692;145.2336507225287
594;90.85616662500101;143.97435391250713
595;91.02518391965397;143.6488070328757
596;91.1350451611784;143.4372015611153
597;90.86504938226413;142.89667742214448
598;90.64313575142579;142.63474004363218
599;90.49889189138086;142.4644807475992
600;90.34419035148268;142.28187765260384
601;90.30457738141784;142.23512019343076
602;90.2788289508757;142.20472784496826
603;90.26209247102331;142.18497281846766
604;90.24414259638162;142.16378555254576
605;90.23954634060216;142.15836032839303
606;90.23655877434551;142.15483393269375
607;90.23335460953525;142.1510518733063
608;90.23253414915202;142.15008343688737
609;90.23200084990292;142.14945395321507
610;90.23142888645825;142.14877883197653
611;90.23128242915196;142.14860596002302
612;90.23118723190288;142.14849359325325
613;90.23108513285324;142.14837307989268
614;90.2310589893087;142.14834222116852
615;90.2310309503572;142.14830912518687
616;90.23102377068628;142.14830065060977
617;88.70063658440523;142.11676079990704
618;87.70588794673351;142.0962634774591
619;87.0593013322469;142.08294021786793
620;85.9830834345479;142.06077367210293
621;85.55672464566413;142.05199449453292
622;85.27959143288969;142.04628802911242
623;85.0994548445863;142.04257882658908
624;85.73681323626137;141.4441915876247
625;88.4354902643365;140.49125367624316
626;90.18963033258532;139.87184403384515
627;92.84827535643925;138.88962037492902
628;95.34056965551363;138.2672501309109
629;100.00463596211901;137.3157597042327
630;104.55217223463029;136.1184739408079
631;109.79483877135735;135.38895493042162
632;113.19314590328658;134.30382168133656
633;117.68673868479252;133.64747951523205
634;123.6414378233378;132.6757658597055
635;129.7914356227672;132.09336005246092
636;134.5482252690565;131.73118650602345
637;139.15791960603906;131.52853279507735
638;145.93651844094688;130.86930315273776
639;152.61366633842212;130.490145468469
640;159.97819677964236;130.30940876348922
641;166.28233516995112;130.83309277756683
642;173.40385935216744;131.84637328149267
643;180.29305667461196;132.55347133780424
644;185.52965843883956;133.63636769769775
645;191.19019549623204;134.3883368794801
646;197.12395666239456;134.92514464915232
647;203.23778084544904;135.9280499545662
648;209.4611958857235;136.6275496396575
649;217.2502663699097;137.16146256362893
650;223.06115794268737;137.52433543198381
651;230.5743443375515;137.83927536721527
652;239.93273086286553;138.13869610294773
653;248.24962375471023;138.38059970202346
654;258.114707527964;138.02936612467462
655;266.012151445911;137.83270721321625
656;274.85386859365076;137.78388740465502
657;281.34084680022846;137.16573790311367
658;289.2586262258126;136.84331771075435
659;295.8838922640633;136.6654569270294
660;303.1447005649029;136.6132080133113
661;309.340147591308;136.00991409659179
662;314.84204167409627;135.64960822528468
663;321.3649570930454;135.47901567114207
664;329.2825330846006;135.44751817574428
665;336.6325326133888;135.47462399685097
666;344.3446255077847;135.5555873545449
667;350.82328178757956;135.6398511102882
668;356.49920023956344;135.72624944361115
669;361.65233507514984;135.8140032089039
670;366.4618367075388;136.5008573042934
671;373.9697953003299;137.04129058519305
672;380.30497632021445;138.02109394629346
673;385.880255176987;138.68901624087198
674;392.4118631306666;139.7816587743402
675;398.10726791969887;141.11873188984455
676;403.25778414536285;142.61408673914116
677;409.4935469381382;145.43160495832262
678;414.98585372756327;148.48137482691362
679;421.42322984967393;153.4890922153747
680;427.04116995892866;157.95751412700528
681;432.1188503170536;162.6657572904636
682;436.1226003012997;167.51398537234627
683;442.2615032451612;176.63040473152702
684;446.20683318845636;186.67596333184022
685;450.15393009788727;197.9258873961649
686;453.39606591616575;208.76482195521228
687;456.15165060917957;221.66636492274347
688;456.48659779831047;232.3691899036407
689;456.68466015093304;241.0755828734016
690;456.79375804097754;248.48289046439072
691;456.8385028462643;255.6263345513657
692;456.8479763739976;262.0144676170791
693;456.83454493362575;267.9102599691678
694;456.7801632522669;275.8052721904083
695;457.3913987165125;286.7332429027693
696;458.48007139717845;295.5754756846516
697;459.14766499947456;304.7861090607462
698;459.56160572377956;312.50255566731704
699;460.5069870798317;320.4014521383459
700;461.7966833255234;328.4141558650225
701;462.5872304530941;337.64062007447166
702;463.0806423604291;345.3576368740902
703;462.64639489023597;354.37971738612737
704;461.59708844134866;365.3859657760804
705;459.4751665078727;374.82143592095616
706;457.3698766016993;382.6649926137583
707;455.25087358749124;391.7506106774585
708;449.5678957127287;403.91724416935193
709;444.43778303114476;414.10051321447327
710;439.6728432720019;422.4264541948763
711;435.14035258236765;430.111937963486
712;430.0567427893788;436.8166470053675
713;426.0303932501079;442.8776467253639
714;419.14188390846857;449.670072117092
715;408.963490714821;458.0805725108754
716;398.78320255838366;465.83406158519404
717;391.45231133824234;471.44448072861826
718;384.55096953294344;475.6719553813167
719;377.9249682701437;479.56691626152775
720;372.1935648858473;482.1090442760477
721;366.3277886113476;484.3433153028685
722;362.5150340329228;485.79559147030204
723;360.0367435569467;486.7395709791339
724;357.7108904531286;487.92469544063624
725;355.4857131329125;488.70042032254634
726;354.75272067750643;489.19924751385435
727;353.5629027787581;489.5288791701381
728;353.502893947306;489.737745764789
729;352.7505154041278;489.87890303324565
730;352.9748421537963;489.96526127580887
731;354.89747696537444;488.0637333809726
732;356.5161038629426;486.78774780358924
733;358.28306882927205;485.3869155278994
734;358.71673857447604;485.04781619909164
735;359.7134813917688;484.25595998497596
736;359.60297321651353;484.34957291848144
737;359.57467642618303;484.37354350297
738;358.84138330494864;484.9605980767352
739;359.07964298366585;484.7707098558349
740;358.5196115673125;485.2187562060974
741;359.09755918736045;485.03953303284277
742;359.2451532789132;485.1051962882424
743;360.0537893285592;485.14277181343175
744;359.8667028706924;485.1723014956252
745;360.1293075732191;485.2006534457445
746;359.9157897297213;485.2099245566285
747;360.4897030215845;485.21084518788274
748;360.1500467711588;485.21654918901834
749;360.2500243994865;484.93616938526554
750;359.99525969511546;484.7548312063796
751;360.54030106500863;485.19812777193965
752;359.94928176234407;485.59706812976265
753;359.79675421485956;486.0338447115918
754;358.98477256387747;486.3229512109722
755;359.16982323585626;486.505668714378
756;359.83350820594325;486.13200150765476
757;359.72352014099204;485.81530079687013
758;360.36472778891044;485.6043397440398
759;360.0688128699207;485.4723206505204
760;360.21570307621334;485.04423282775014
761;359.9729508349879;484.8250724439946
762;360.5258003059257;485.24378457638943
763;360.17451403430096;484.95478108061013
764;359.2312777502253;485.33840250220123
765;357.9068628252441;485.0264084648097
766;357.75730446433835;485.38496030193096
767;355.51834958639023;486.2000456684231
768;353.34772282441537;487.30161324160395
769;351.22438256780356;487.4563910142691
770;349.13135129358403;486.9954243008765
771;345.6275688925874;486.14403965055016
772;341.2025151170959;486.1734353431701
773;336.1780688471084;485.6402415179824
774;330.7608451534525;485.8770593914737
775;325.0867246427129;486.6148227963524
776;316.3693257296775;488.83726604321504
777;308.5429776788802;489.72987356285546
778;298.41065186090105;490.9179969174186
779;289.65641955919506;491.13739929026735
780;278.9102237388674;493.02931655771675
781;269.7493389117091;493.70616361163695
782;261.62251111902697;494.7339300536187
783;252.7136188911859;496.0020987853404
784;246.1999545741927;497.4032547744361
785;238.32534324544207;497.77278149693814
786;229.57797243815062;499.75786827574416
787;218.7782165696612;500.5196712639994
788;209.5707203784341;501.6058634090019
789;198.466462325572;502.92882098147624
790;187.5873931690925;504.39401226344785
791;176.84948439291793;505.9525206299325
792;169.14189111272088;507.54579398806936
793;161.91672720910842;508.02755051607323
794;155.0184404349439;508.9347245468733
795;145.36110585058464;508.99643966884656
796;136.85728273720616;508.48107048934014
797;129.10039555286565;507.58988087666484
798;121.84549774046619;507.6060284658282
799;114.89527703777274;507.05976933286644
800;109.62544814095853;506.13451962202726
801;103.96148475780956;504.97510254923964
802;101.01271304789849;503.63806622975966
803;96.83393296050413;501.05425110598446
804;94.87221046180328;499.946704258929
805;92.84260627954225;498.6548658249445
806;92.25685164395833;497.23133905574514
807;91.12141561996451;495.7336009770546
808;91.13807771523278;495.3325169046168
809;90.39421256629291;494.4993665788212
810;89.17694777807574;494.541821552601
811;86.16219012801486;495.1652119632922
812;84.95849479597821;496.1427332351243
813;83.42019568965146;496.2058045569324
814;81.68615362649611;496.83108131161543
815;79.8248332465047;497.82184500342896
816;76.68478007917997;503.31505048257657
817;75.9074205127707;506.0871985851592
818;75.40213679460467;507.88909485183785
819;74.49337315933742;510.1136513029288
820;74.11615916733885;510.7983118234662
821;73.87097007253978;511.24334116181547
822;73.71159716092039;511.5326102317425
823;73.5406697132086;511.84285130923934
824;73.49690192735513;511.9222918275681
825;73.46845286655036;511.9739281644818
826;73.43794124883726;512.0293081358217
827;73.43012842551376;512.0434887648466
828;73.42505009035348;512.0527061737129
829;73.41960357589407;512.0625918447219
830;73.41820893810068;512.0651231756317
831;73.41730242353498;512.066768540723
832;73.41671318906727;512.0678380280325
833;73.41608123510065;512.0689850531719
834;73.41591941658496;512.0692787611242
835;73.41581423454976;512.0694696712933
836;73.41574586622687;512.0695937629031
837;73.41567254120058;512.0697268511547
838;73.4156537655499;512.069760929813
839;73.41564156137697;512.069783080941
840;71.4596273623246;513.0404736471078
841;70.66515716905592;513.291755868667
842;70.14875154343127;513.4550893126805
843;69.81308788677525;513.5612560512891
844;68.33461975820015;513.6855019585252
845;67.5154333695635;513.7214063511664
846;66.98296221694967;513.7447442063832
847;66.78476860437975;513.7663133627439
848;66.88091181818864;513.7704730705491
849;66.9201280059193;512.6181170661694
850;66.93397607188953;511.29132077074445
851;66.91970308381316;509.2729034228589
852;66.12880561592875;506.2319099299365
853;64.83221169509247;502.5242445672517
854;63.603805338626515;499.53776824605734
855;62.793421040908015;497.0169886299568
856;61.25767783683564;491.9113425063374
857;60.852630250010066;490.0327214450373
858;60.58934931857344;488.8116177551922
859;60.27518773587047;485.96396433347786
860;60.190016475642466;485.0061193582645
861;60.09863964593518;482.6411144236922
862;59.481047732707424;473.0982892094885
863;59.172900790969294;470.54088230989794
864;58.50062117849772;464.21702455123835
865;55.99739822062037;443.19695562924585
866;55.458421987324144;435.62153159602155
867;55.04642247291304;427.76243212188666
868;54.667399949190354;417.3607801590115
869;53.64249315066733;394.759208944575
870;53.18473537795085;386.76130350196206
871;52.39632177771151;376.23223588711517
872;51.093783526995594;354.99148544599757
873;50.86730198969069;347.56278676792573
874;50.61912139248108;337.96808495872205
875;50.02739361916299;329.3419947861576
876;49.54103659586414;318.95285996549467
877;49.17395810432829;309.804898223177
878;48.8460706621005;299.6610836253385
879;48.543471816900976;288.8618683579349
880;48.28276508094902;278.8333162392983
881;48.07486824072721;270.5073408277607
882;47.837044025662145;260.26834499385495
883;47.26159952122141;251.7951029569432
884;46.79706185981442;242.05113699037247
885;46.44333282362547;233.29310308793157
886;46.55760774923595;225.7860057461692
887;46.89902474128803;215.44370402797873
888;47.79813618529181;204.4717648569557
889;49.03564433531338;181.96733090597002
890;48.994471231894124;173.55164564307972
891;51.210746701426984;165.0655520898768
892;57.044424316191765;152.17542536460138
893;57.918407513288315;148.13822387468622
894;60.77944893820283;144.9488176865148
895;64.17464031447051;142.90766167201588
896;75.65190246477907;139.65778889053317
897;79.18548358086616;138.3558907207411
898;97.9100462906076;139.28975118913223
899;103.60586533974943;139.5476362160512
900;113.40567312757541;140.4515667203649
901;133.38480372623462;143.44061379024527
902;140.74974400408377;144.9709662244016
903;147.80628349279115;146.0116563051384
904;161.8850418682946;148.56404290720712
905;166.08594921146178;149.34906426053425
906;172.58487623427635;149.93484922784336
907;179.06704089017026;150.36085481792242
908;185.53596549462628;150.6829504070402
909;202.19544127871836;152.12930109409362
910;208.8264104578759;152.903989711405
911;217.62256032178925;153.4965006305285
912;233.737971692621;154.95759870298275
913;239.03860722886577;155.23618351118682
914;246.95221872220026;156.10733550541596
915;254.32738027978172;157.318651135161
916;274.87650710253394;160.45374879509623
917;281.7419525170377;161.52377125050396
918;289.8980879226956;163.48801982479046
919;308.5147319117432;168.3513042664769
920;314.2956948222229;169.85082015480177
921;321.72233926872224;172.68294719363874
922;339.5991867541211;180.03524932902184
923;344.7513671421318;182.39659523036812
924;351.74377499492476;185.77619052522755
925;368.2551336072307;192.98979676674506
926;373.196125540989;195.43201383344288
927;380.7482915381663;199.45455471927693
928;387.8224078713901;203.28389364248116
929;399.2205631050813;210.57414824998347
930;402.7053060207442;212.91375117205956
931;406.410283019929;215.04479809460238
932;411.6893234282859;218.2367008537767
933;417.9747249622726;223.2876926826404
934;422.0549381078014;227.1573287654448
935;426.1063503340357;233.7917252148731
936;428.73428884993575;238.6891216643257
937;430.4150730918137;244.79527863015156
938;431.4802390990344;251.683215289286
939;432.14528529718484;259.07543149077026
940;432.561201800592;265.6275308352116
941;432.77164762546295;276.28070998429376
942;432.8921272920001;284.94594110404876
943;431.514063953179;293.46584133188946
944;430.59214327855074;301.8989028227594
945;429.96675806025723;310.2716846009069
946;428.09669413076875;319.7481785477184
947;425.43866295257783;327.6315919349232
948;423.69643768187086;334.48532418641105
949;422.5494862510285;340.6683751498781
950;420.3535100573091;347.5600648801356
951;416.05784092445793;353.75695751632645
952;410.3802601751164;361.80238615514344
953;405.2495220190991;368.7527765867807
954;400.4744131283324;374.9911785607044
955;394.5002249176934;380.7658053710985
956;389.1826840382976;385.0925382006867
957;385.7174811971591;389.6260540662862
958;380.59331132551665;394.2937439199415
959;375.82256794996476;399.0484439239385
960;369.8519756860318;402.71476644362644
961;363.0983947916238;405.6742631053494
962;357.27035004717266;408.1732121195513
963;353.4778485023419;411.51782469411455
964;346.697974878573;414.272482352444
965;339.4102113810334;416.64197101199875
966;330.346027351285;418.7646459649281
967;323.0104295581204;420.7217116496642
968;313.9037030409032;421.42813051661767
969;306.53733373439957;422.46540946959055
970;295.94623042833626;422.576145915976
971;286.1529693951178;422.0774733610094
972;275.41080095643593;420.0293448062382
973;266.96680928745485;418.1223044096994
974;257.0851688957324;415.15218921151944
975;250.6585244550776;412.6424929337767
976;242.07513943706022;409.27465928634933
977;233.54706527398173;405.34408029393956
978;225.04857185924044;401.04393569936144
979;218.04712346631877;397.66598191063963
980;213.47032828167164;392.5566431247282
981;209.01558047903382;388.6503632581241
982;201.64816442074698;382.01281637901116
983;196.84138362519454;375.9421303900096
984;192.18052438689404;366.7129661133695
985;186.13667526310223;356.5845369824792
986;180.68709178966878;347.046704714881
987;177.1243654005894;339.07694772531715
988;174.77438685730695;330.94312820407333
989;173.1851957870835;320.32974323255
990;172.1178816866531;310.4662969073098
991;171.40349687562139;302.274273714849
992;172.38541215982772;292.80351595176126
993;171.5085196128724;284.8469908740159
994;172.41352648738072;277.90429315258297
995;172.9816790271002;271.6036001805266
996;174.82674493206827;265.7361145314048
997;178.99642885306116;260.16797105796195
998;183.1824420906714;254.77682416252878
999;185.89744401787198;250.67564111946209
1000;190.62008940507383;245.06241349278707
1001;195.16607767506557;239.6412996663077
1002;201.08876027272817;234.3658613541449
1003;206.42412407839635;230.36020978253794
1004;209.87800074983457;225.96266876831763
1005;216.58617747713856;222.5721107370041
1006;223.908872568392;218.61958850126945
1007;230.15094935939624;215.47538648700677
1008;234.20480119615638;212.83381505932783
1009;239.81224675406415;211.76022624852402
1010;246.42465228467296;211.70476336403084
1011;256.6451585065218;213.54579149912007
1012;267.7175128192782;216.59167167047298
1013;277.86108853272617;220.3948572767254
1014;285.9249403953931;223.4806028475473
1015;291.16713838102896;226.0793176626733
1016;296.04350322891884;228.38120659670443
1017;300.6812647696957;231.673587663102
1018;305.1619581476655;236.78912134869208
1019;309.53779080135365;241.90363169647406
1020;312.38178295398535;246.997844916673
1021;314.2300894620827;252.07742304837652
1022;315.4309973593381;258.323205535644
1023;316.2112884202885;264.14751188186
1024;316.7181998999454;269.6964167808262
1025;317.0473932894567;275.0648901458183
1026;317.26127286226796;279.14130579204755
1027;317.400006193482;283.5507705787958
1028;316.0318744481266;286.99069283178363
1029;316.6006942823956;289.82527816048355
1030;315.5125139666626;292.2416142149588
1031;314.80510063106505;293.2260616908951
1032;314.344982890661;292.1064997304295
1033;314.0460131709218;291.9654253863026
1034;315.31037578522023;290.1266536983623
1035;314.673134030901;288.3310111221972
1036;315.71839954684344;285.4156912870454
1037;316.39791826257715;282.9331845660717
1038;316.83970155817514;280.73184615202865
1039;317.12676456994274;279.8886852283108
1040;315.853487668705;279.9140376103161
1041;316.4855332810449;280.53203643401014
1042;315.43668733092136;280.33221589402064
1043;316.2146130614856;280.8038523184181
1044;315.2605891882078;280.5088962188858
1045;316.1001492687218;280.9186945295805
1046;315.18618772291137;280.5835436561414
1047;316.0517883162791;280.9672153637966
1048;315.1547531038236;280.61508219838186
1049;314.57177634609866;280.97378719359665
1050;314.19274532320634;280.6193538877519
1051;310.50006961890335;282.6467858127412
1052;308.2599085335372;283.73243012642627
1053;307.5345869091039;284.44482805629815
1054;306.3323447721675;284.9011575847383
1055;305.5179490829888;285.3949449358752
1056;305.0215301851927;285.5187335564634
1057;305.42964098268;285.6059252858223
1058;306.4254504155975;285.66931835472985
1059;306.3421891324431;285.70380540469546
1060;305.99695764466327;285.7384306289428
1061;305.3328857502811;285.74199925695734
1062;304.17022095252645;285.73758973919024
1063;304.1455069003922;285.7414526786182
1064;303.6438393363141;285.7412217492699
1065;303.80335884985413;285.74381348517
1066;303.1760284672489;285.7387689875285
1067;303.4992817849618;285.74221919003804
1068;303.3708092250448;285.74154560034475
1069;303.62588927752915;285.7440239883686
1070;303.0606732452377;285.73890581460756
1071;303.42430089065454;285.74230812763943
1072;303.3391297972;285.74158317648136
1073;303.60529764943;285.7440484128574
1074;303.0472886869733;285.7389216905253
1075;303.41560092778263;285.74231844698596
1076;302.92398581790246;285.73779721270887
1077;303.60290842212623;285.744051246808
1078;303.77675375563206;285.7456526585697
1079;303.1587351560046;285.7399644502383
1080;303.48804113265294;285.7429962407994
1081;303.3660600494443;285.7418739042914
1082;303.6228023133888;285.74423738593396
1083;303.0586667185464;285.73904452302503
1084;303.4229966483052;285.7423982881108
1085;303.3385787548074;285.74162126928053
1086;303.6049394718748;285.74407317317684
1087;304.5088570190233;285.75239603668604
1088;305.82694083922064;285.7645243427912
1089;305.30441592131876;285.75971739115255
1090;304.88273363010717;285.75583565239367
1091;305.33942322187437;285.760041648177
1092;306.36680887107383;285.76949399026034
1093;306.3040721285027;285.7689195677903
1094;306.99383066038223;285.77526463800905
1095;306.71163629155313;285.772670488827
1096;307.258747366365;285.77770273668284
1097;305.4232913789576;286.9358305703478
1098;304.96216027034586;288.86932960461274
1099;303.931780823674;290.1197807346975
1100;303.9926784094115;290.9388972114401
1101;303.3028886711956;292.6387621913423
1102;303.59031788285915;299.60812907915766
1103;303.0489379471006;305.3030933496947
1104;303.42952237313494;312.51529833599295
1105;304.4088282144127;321.872059396911
1106;305.7782001923956;337.25494133016014
1107;305.9476025859947;354.20012043394
1108;306.7864571227911;372.14002853840867
1109;306.6115892806931;388.406425349282
1110;305.7780368776654;402.4287089477365
1111;304.5184650593497;416.1344118536264
1112;302.9846829526398;430.7697117600329
1113;301.27269620193067;444.8552366552518
1114;299.4497363569385;460.85167866722225
1115;297.5506919742952;474.6654975667999
1116;297.0429839629794;488.17686663131053
1117;295.9981910407804;499.2320134812503
1118;294.60263734789396;507.5573029034377
1119;292.9768781555256;512.9760682983673
1120;292.64094156525175;517.622606625384
1121;293.1427808406558;521.7662360545464
1122;294.18677116947316;524.4518620292051
1123;294.1475700833997;526.2052520670302
1124;294.8398841772567;527.3372224373196
1125;294.57209353845906;528.0807363323047
1126;295.11582442304524;528.556287209748
1127;294.7514546982216;528.873128434383
1128;293.79658459193;529.0867870223881
1129;292.45765425233265;529.2333768965835
1130;292.30778257602793;530.4514203245762
1131;291.68674628351346;535.150792683569
1132;291.81315449346346;537.6856098488121
1133;292.6126126155755;539.3247815335637
1134;293.84929683293655;540.3817836559961
1135;293.936105136233;541.0772945082333
1136;293.77584102894514;540.6975133445235
1137;293.1689191663729;540.1623009102684
1138;292.0567106051151;539.8226800399166
1139;292.0514843908834;539.593659262274
1140;291.579368198239;539.3534081659963
1141;291.741211826414;539.2886325442257
1142;291.12870083414174;539.2547956019889
1143;291.44827803975073;539.2245343776209
1144;291.3245135148855;539.1974529022303
1145;291.5755562822342;539.1872616227779
1146;292.45619776509284;539.1723487169149
1147;292.219879023281;540.7502378346055
1148;292.1591567166952;541.0431386012826
1149;292.8360293805003;540.6608434355603
1150;293.3107674266891;540.3382464211044
1151;292.86662132490653;539.928777410046
1152;291.8602170081619;539.670889764772
1153;291.9237635528639;539.49499558343
1154;291.5254061441758;539.3117227616847
1155;291.7061364912729;539.2615370314231
1156;291.10590186630003;539.2371835186673
1157;291.4334587106536;539.2130865234618
1158;291.31825234834196;539.1926161838481
1159;291.57148652398087;539.1841177558294
1160;292.4535524222282;539.1703052033986
1161;293.74413463597176;539.1530598324044
1162;293.2273753993231;539.1564936458901
1163;292.8124165071186;539.1606381061567
1164;292.83372448988257;539.1596954665505
1165;292.5565434159823;539.162719289586
1166;293.09383940202906;539.1563962003403
1167;292.486274268329;539.1632908345852
1168;292.3307007719725;539.1650562788085
1169;291.5118686487548;539.1744710294677
1170;291.6973371192492;539.1723234054821
1171;291.4297409759736;539.1753937665017
1172;291.6439541319414;539.1729231845542
1173;292.50065636740254;539.1630287320695
1174;293.7747522003351;539.1483301260405
1175;293.2403113202665;539.1544953449513
1176;292.82082485573187;539.1593392105465
1177;293.2656223378664;539.1541991489646
1178;294.2719800811366;539.1425908970223
1179;294.2088732343794;539.1433127451738
1180;293.8899330540741;539.147001813791
1181;293.2430789827068;539.1544684152923
1182;292.104914485732;539.1675889181822
1183;292.08281691328443;539.1678500331466
1184;291.3507441406075;539.1762869697875
1185;291.7498165203784;539.1716946846767
1186;291.85200323580455;539.170518781368
1187;292.63588828491356;539.1614658699986
1188;293.8626529467173;539.1473142656944
1189;293.27744938561307;539.1540661439551
1190;292.84496459820707;539.159060229899
1191;291.8461401358072;539.1705735976765
1192;291.95912132835025;539.1692807849597
1193;291.9880513609863;539.1689497465519
1194;292.7243195662817;539.1604459973681
1195;293.26270912930283;539.1542406128432
1196;292.83538343160546;539.1591736346762
1197;293.2750854121842;539.154091524649
1198;293.4954076991967;539.1515558481193
1199;292.98663750203644;539.1574285376057
1200;293.3734005579643;539.152957211553
1201;294.3420359242002;539.1417836377047
1202;294.2544095323708;539.1427880266174
